Rk,Player,Nation,Pos,Squad,Age,Born,90s,Cmp,Att,Cmp%,TotDist,PrgDist,Cmp,Att,Cmp%,Cmp,Att,Cmp%,Cmp,Att,Cmp%,Ast,xA,A-xA,KP,final 3rd,PPA,CrsPA,Prog,Matches
1,Sandy MacIver,eng ENG,GK,Everton,21,1998,3,27.3,38.7,70.7,669,262,0,0,,18,18,100,28,62,45.2,0,0,0,0,0.33,0,0,0,Matches
2,Vencislav Vasilev,eng ENG,GK,Tottenham,31,1988,1.6,20,33.1,60.4,476.9,185,0,0,,14.4,14.4,100,9,30,30,0,0,0,0,0,0,0,0,Matches
3,Angela Addison,eng ENG,"FW,MF",Tottenham,19,1999,2.2,11.8,21.8,54.2,180.9,64.5,0.91,3.64,25,9.55,14.1,67.7,3,9,33.3,0.45,0.14,0.32,1.36,0,0,0,0,Matches
4,Flo Allen,eng ENG,"DF,MF",Bristol City,19,1999,3,20.7,29.3,70.5,324.3,190.7,0,1,0,17.7,22.3,79.1,9,18,50,0,0,0,0,2,0,0,4.67,Matches
5,Remi Allen,eng ENG,MF,Reading,28,1990,12,26.5,36.7,72.3,445.8,143.3,0.92,2.17,42.3,20.9,26.6,78.7,56,95,58.9,0.25,0.08,0.17,0.92,2.92,1.08,0,5.17,Matches
6,Jonna Andersson,se SWE,DF,Chelsea,26,1993,14.1,47.7,62.4,76.4,834.8,349.6,0.5,2.62,18.9,38.7,45,86.1,119,209,56.9,0.35,0.2,0.16,0.99,4.11,1.63,0.71,8.79,Matches
7,Lizzie Arnot,sco SCO,FW,Manchester Utd,23,1996,0.9,23.3,35.6,65.6,383.3,156.7,0,1.11,0,20,27.8,72,3,6,50,0,0.11,-0.11,2.22,0,2.22,1.11,4.44,Matches
8,Chloe Arthur,sco SCO,MF,Birmingham City,24,1995,11.9,31.7,40.9,77.4,618.4,191.4,0,1.76,0,24.1,28.2,85.4,90,130,69.2,0,0.02,-0.02,0.67,3.78,0.34,0,4.29,Matches
9,Rosella Ayane,eng ENG,"FW,MF",Tottenham,23,1996,6.4,13.6,21.6,63,218.8,51.9,0.47,1.25,37.5,11.1,15.2,73.2,13,33,39.4,0.16,0.03,0.13,0.94,0.47,1.09,0.94,2.03,Matches
10,Rinsola Babajide,eng ENG,"FW,MF",Liverpool,,,8.2,11.5,21.2,54,168.8,42.7,0.37,2.32,15.8,9.63,14.1,68.1,12,39,30.8,0,0.01,-0.01,0.24,0.85,0.85,0.73,1.22,Matches
11,Ramona Bachmann,ch SUI,"FW,MF",Chelsea,28,1990,6.3,27,37.1,72.6,386.3,109.5,0.79,2.38,33.3,23.3,29.2,79.9,18,35,51.4,0.32,0.16,0.16,2.06,2.7,0.79,0.32,3.65,Matches
12,Sophie Baggaley,eng ENG,GK,Bristol City,22,1996,14,29.1,50.5,57.6,905.3,518.5,0,0.14,0,14.1,14.4,98.5,209,504,41.5,0,0,0,0,0.07,0,0,0,Matches
13,Jade Bailey,eng ENG,MF,Liverpool,23,1995,12.6,32.7,43.5,75.2,535.8,161.3,0.87,2.3,37.9,27.1,31.6,85.9,59,121,48.8,0,0.06,-0.06,1.03,1.98,0.32,0.08,3.89,Matches
14,Kirsty Barton,eng ENG,DF,Brighton,27,1992,10,32.9,45.2,72.8,591.7,303.5,0.5,1.8,27.8,26.1,33.6,77.7,63,98,64.3,0,0.03,-0.03,0.6,1.5,0.6,0.4,7.8,Matches
15,Molly Bartrip,eng ENG,DF,Reading,23,1996,2.7,32.2,42.2,76.3,750,330.4,0,0.37,0,20.4,21.9,93.2,32,54,59.3,0,0,0,0,2.59,0,0,2.59,Matches
16,Katharina Baunach,de GER,DF,West Ham,30,1989,11.6,40.9,54.4,75.1,727.6,354.7,0.6,2.07,29.2,33.3,39.3,84.6,81,151,53.6,0,0.07,-0.07,0.78,2.16,0.34,0.26,6.81,Matches
17,Jennifer Beattie,sco SCO,DF,Arsenal,28,1991,9.1,83.2,91.4,91,1894.2,699.5,0.66,0.88,75,52.3,55.2,94.8,275,322,85.4,0,0.02,-0.02,0.22,7.14,0,0,7.03,Matches
18,Janine Beckie,ca CAN,"DF,FW",Manchester City,24,1994,13,46.4,58.7,79,883.6,278.4,0.15,1.62,9.5,36.9,43.5,85,121,177,68.4,0.62,0.36,0.25,2.69,2.62,2.85,1.85,9.54,Matches
19,Karima Benameur,fr FRA,GK,Manchester City,30,1989,0,2,3,66.7,46,33,0,0,,2,2,100,0,1,0,0,0,0,0,0,0,0,0,Matches
20,Ann-Katrin Berger,de GER,GK,Chelsea,28,1990,13,30.8,36.4,84.8,891.8,497.3,0,0,,14,14.2,98.9,219,289,75.8,0,0,0,0,0,0,0,0,Matches
21,Hannah Blundell,eng ENG,DF,Chelsea,25,1994,4.6,54.1,64.8,83.6,919.6,338.9,0.43,2.17,20,44.3,49.6,89.5,43,60,71.7,0,0.02,-0.02,0.43,4.35,1.09,0,8.48,Matches
22,Gemma Bonner,eng ENG,DF,Manchester City,28,1991,16,62,68.4,90.6,1373.8,448,0.38,0.69,54.5,40.1,42.3,95,344,408,84.3,0,0.01,-0.01,0.06,1.94,0.13,0,1.81,Matches
23,Chantelle Boye-Hlorkah,eng ENG,FW,Everton,,,6.8,14.4,28.7,50.3,210.3,105.1,0.88,3.38,26.1,11.6,19.1,60.8,13,42,31,0,0.16,-0.16,1.18,1.76,1.62,1.18,3.97,Matches
24,Sophie Bradley,eng ENG,DF,Liverpool,29,1989,14,29.8,39,76.4,641.5,296.9,0.29,0.64,44.4,20.9,23.7,88.3,120,205,58.5,0,0.01,-0.01,0.36,1.14,0,0,2.21,Matches
25,Ellie Brazil,eng ENG,"FW,MF",Brighton,20,1999,5,16,26.8,59.7,225.8,94.6,0.6,1.8,33.3,14,20.4,68.6,7,23,30.4,0,0.08,-0.08,1.4,2.2,0.2,0,3.2,Matches
26,Pauline Bremer,de GER,FW,Manchester City,23,1996,6.4,18,21.9,82.1,247.3,43.9,0.16,0.78,20,16.3,19.2,84.6,10,12,83.3,0,0.17,-0.17,0.94,0.47,1.25,0,2.5,Matches
27,Millie Bright,eng ENG,DF,Chelsea,25,1993,15,52.7,66.7,79,1345.3,496.9,0.07,1.4,4.8,29.3,32.1,91.1,350,497,70.4,0.07,0.1,-0.03,0.6,5.07,0.73,0.07,5.4,Matches
28,Courtney Brosnan,ie IRL,GK,West Ham,23,1995,10,24.7,39.6,62.4,737.3,441.5,0.2,0.3,66.7,11.9,12,99.2,126,273,46.2,0,0.02,-0.02,0.1,0.2,0.2,0,0,Matches
29,Georgia Brougham,eng ENG,DF,Birmingham City,23,1996,2,58,66,87.9,1219.5,385.5,0,1,0,41.5,43,96.5,33,44,75,0,0,0,1,2,0,0,4.5,Matches
30,Frankie Brown,sco SCO,"MF,DF",Bristol City,31,1987,12.7,16.1,24.2,66.4,329.1,99.8,0.24,1.18,20,11.7,15.2,77.2,52,99,52.5,0,0.01,-0.01,0.47,1.1,0.08,0,1.42,Matches
31,Laura Brown,eng ENG,FW,Birmingham City,15,2003,0,1,1,100,9,3,0,0,,1,1,100,0,0,,0,0,0,0,0,0,0,0,Matches
32,Faye Bryson,eng ENG,DF,Bristol City,,,2.3,35.2,47.4,74.3,615.7,278.7,0,1.74,0,29.1,33.5,87,14,28,50,0,0,0,0,3.04,0.43,0.43,3.91,Matches
33,Danielle Buet,eng ENG,MF,Brighton,30,1988,14.9,22.1,30.5,72.7,436.8,135.3,0.94,1.68,56,15.8,19.5,80.8,81,138,58.7,0,0.03,-0.03,0.4,2.15,0.34,0.07,3.02,Matches
34,Hannah Cain,eng ENG,FW,Everton,20,1999,6.1,13.9,23.1,60.3,192.3,50.5,0.98,2.79,35.3,11.6,17.2,67.6,8,19,42.1,0.16,0.11,0.05,1.48,0.98,0.66,0.16,2.46,Matches
35,Megan Campbell,ie IRL,DF,Manchester City,26,1993,3.7,44.3,57.8,76.6,938.4,333.8,0.27,2.16,12.5,31.6,35.7,88.6,46,74,62.2,0,0.03,-0.03,0.54,4.05,1.35,0,5.41,Matches
36,Jessica Carter,eng ENG,"MF,DF",Chelsea,21,1997,1.8,59.4,67.8,87.7,1427.8,419.4,0,1.11,0,36.7,39.4,93,41,49,83.7,0.56,0.11,0.44,0.56,5.56,1.11,0.56,6.11,Matches
37,Olivia Chance,nz NZL,"MF,FW",Bristol City,25,1993,11.3,21.2,27.6,76.6,422.3,87.2,0.53,1.24,42.9,15,17.6,85.4,63,99,63.6,0,0.02,-0.02,0.44,1.5,0.27,0,2.3,Matches
38,Brooke Chaplen,eng ENG,FW,Reading,30,1989,11.2,13.9,20.4,68.4,191.7,41.1,0.8,1.96,40.9,11.9,15.4,76.9,14,33,42.4,0.09,0.08,0.01,0.89,0.89,0.63,0.18,1.52,Matches
39,Niamh Charles,eng ENG,"FW,MF",Liverpool,20,1999,11.9,17.4,26.9,64.7,259.4,71.3,0.25,1.85,13.6,15.4,20.5,75,21,54,38.9,0,0.03,-0.03,0.84,1.26,0.34,0.17,1.76,Matches
40,Jessica Clarke,eng ENG,"FW,MF",Liverpool,30,1989,4,14.5,23.5,61.7,221.5,59.5,0.75,2,37.5,12.5,18.3,68.5,5,13,38.5,0,0.2,-0.2,1,0.75,1,0.5,2.5,Matches
41,Maéva Clemaron,fr FRA,MF,Everton,26,1992,10.9,30.8,42.9,71.8,533.7,179.4,1.1,2.29,48,24.1,30.6,78.7,61,109,56,0,0.06,-0.06,0.55,3.3,0.55,0,4.86,Matches
42,Maisy Collis,,MF,Bristol City,,,0.4,22.5,35,64.3,437.5,197.5,0,0,,17.5,20,87.5,2,6,33.3,0,0,0,0,0,2.5,0,2.5,Matches
43,Megan Connolly,ie IRL,MF,Brighton,22,1997,6.6,20.2,29.8,67.5,350.8,111.2,0.76,2.42,31.3,15.6,21.1,74.1,25,42,59.5,0.15,0.11,0.05,0.76,2.73,0,0,2.73,Matches
44,Laura Coombs,eng ENG,"MF,FW",Manchester City,28,1991,1.1,27.3,39.1,69.8,348.2,56.4,3.64,5.45,66.7,20.9,29.1,71.9,3,5,60,0,0,0,0.91,0,0.91,0,2.73,Matches
45,Deanna Cooper,eng ENG,MF,Chelsea,,,0.3,53.3,63.3,84.2,963.3,266.7,0,0,,43.3,46.7,92.9,3,5,60,0,0,0,0,0,0,0,6.67,Matches
46,Erin Cuthbert,sco SCO,"MF,FW",Chelsea,21,1998,11.9,29.4,44.2,66.5,576.6,187.5,0.76,2.77,27.3,21.8,26.4,82.5,82,179,45.8,0.34,0.37,-0.03,2.44,2.27,1.26,0.59,5.88,Matches
47,Kenza Dali,fr FRA,"MF,FW",West Ham,28,1991,13,31.2,43.1,72.3,541.7,154.6,1.08,3.62,29.8,24,29.4,81.7,79,131,60.3,0.23,0.13,0.1,1.31,2.69,1,0.38,4.69,Matches
48,Yana Daniels,be BEL,"MF,FW",Bristol City,27,1992,13,15.8,27.7,57.2,290.5,95.5,0.31,1.69,18.2,12.2,17.5,69.6,44,111,39.6,0.08,0.03,0.05,0.85,1.69,0.15,0,3.23,Matches
49,Gemma Davison,eng ENG,"MF,FW",Tottenham,32,1987,9.7,18.6,28.1,65.9,357.5,118.5,0.62,1.55,40,13.5,18.4,73.6,43,80,53.8,0.1,0.05,0.05,1.24,1.86,0.82,0.1,4.33,Matches
50,Rianna Dean,eng ENG,FW,Tottenham,20,1998,12.6,11.5,15.8,72.9,186.7,20.2,0.56,1.27,43.8,9.05,12,75.5,24,32,75,0,0.01,-0.01,0.24,0.24,0.16,0,0.63,Matches
51,Vita van der Linden,nl NED,MF,Bristol City,22,1997,0.6,15,16.7,90,173.3,15,3.33,5,66.7,10,10,100,1,1,100,0,0,0,0,0,0,0,0,Matches
52,Daniëlle van de Donk,nl NED,"FW,MF",Arsenal,27,1991,14.2,36,45.8,78.5,566,159.5,0.99,2.11,46.7,30.7,35.9,85.5,61,111,55,0.28,0.25,0.04,1.41,2.89,2.18,0.14,5.56,Matches
53,Loren Dykes,wal WAL,DF,Bristol City,31,1988,9.3,16.5,28.3,58.2,287,155.8,0.32,1.29,25,13.2,20.1,65.8,27,64,42.2,0,0.01,-0.01,0.22,1.18,0.22,0.22,3.66,Matches
54,Mary Earps,eng ENG,GK,Manchester Utd,26,1993,14,25.4,35.6,71.3,769.3,422.7,0,0.07,0,12,12.2,98.2,187,326,57.4,0,0,0,0,0.29,0,0,0,Matches
55,Amalie Eikeland,no NOR,FW,Reading,23,1995,12.2,15.7,22.9,68.5,199.8,60.7,1.64,3.36,48.8,13.2,16.9,78.2,10,32,31.3,0.16,0.09,0.07,0.74,0.57,0.74,0.25,1.89,Matches
56,Bethany England,eng ENG,FW,Chelsea,25,1994,14.7,17.1,25,68.5,265.4,60.1,0.34,1.9,17.9,14.5,19.1,75.8,34,59,57.6,0.27,0.19,0.08,1.22,0.88,0.95,0.14,2.11,Matches
57,Adelina Engman,fi FIN,"FW,MF",Chelsea,24,1994,0.9,18.9,24.4,77.3,206.7,20,1.11,2.22,50,17.8,21.1,84.2,0,1,0,0,0.22,-0.22,1.11,0,0,0,0,Matches
58,Magdalena Eriksson,se SWE,DF,Chelsea,25,1993,14,49.4,59.1,83.5,1198.3,372.1,0.07,0.57,12.5,28.6,32.1,89.3,289,371,77.9,0,0.02,-0.02,0.36,4.43,0.43,0,5.36,Matches
59,Kika van Es,nl NED,DF,Everton,27,1991,7.1,36.1,48.9,73.8,760.3,306.1,0.42,0.99,42.9,26.1,30.7,84.9,68,122,55.7,0,0.06,-0.06,0.42,1.41,0.28,0,2.39,Matches
60,Gemma Evans,wal WAL,DF,Bristol City,22,1996,11.2,22.7,35,64.8,490.3,227,0.36,1.43,25,15.9,20.8,76.4,72,143,50.3,0,0.01,-0.01,0.27,1.16,0,0,4.38,Matches
61,Lisa Evans,sco SCO,"DF,FW",Arsenal,27,1992,14.1,47.8,61.1,78.2,735.9,283.7,0.85,2.48,34.3,42,50.6,83,70,114,61.4,0.35,0.23,0.13,1.56,2.62,1.91,0.57,7.94,Matches
62,Niamh Fahey,ie IRL,DF,Liverpool,31,1987,12.7,29,37,78.3,624.1,213.5,0.39,0.94,41.7,19.5,23,84.9,115,166,69.3,0,0.01,-0.01,0.31,1.34,0.16,0,2.2,Matches
63,Millie Farrow,eng ENG,FW,Reading,23,1996,3,13.7,22.3,61.2,162.3,52,0.33,2,16.7,13.3,18.7,71.4,0,5,0,0,0.1,-0.1,1,1,0.33,0,2,Matches
64,Matilde Fidalgo,pt POR,DF,Manchester City,25,1994,0.7,41.4,50,82.9,675.7,340,1.43,4.29,33.3,31.4,35.7,88,6,7,85.7,0,0,0,0,2.86,1.43,1.43,7.14,Matches
65,Anna Filbey,wal WAL,DF,Tottenham,19,1999,12.8,31,41.3,75,779.5,266.3,0.16,1.17,13.3,16.2,19.2,84.1,188,268,70.1,0,0.02,-0.02,0.31,1.09,0.23,0,1.48,Matches
66,Melisa Filis,eng ENG,FW,Arsenal,17,2002,0,2,4,50,30,18,0,1,0,2,3,66.7,0,0,,0,0,0,0,0,0,0,1,Matches
67,Megan Finnigan,eng ENG,DF,Everton,21,1998,10,33.8,43.7,77.3,753.9,320.9,0.5,1.3,38.5,22.8,26.7,85.4,105,157,66.9,0,0,0,0,1.7,0.1,0,3.1,Matches
68,Grace Fisk,eng ENG,DF,West Ham,21,1998,4.7,32.1,40.2,79.9,683.6,268.1,0.21,0.64,33.3,21.9,25.7,85.1,47,65,72.3,0,0,0,0,1.49,0,0,3.4,Matches
69,Gilly Flaherty,eng ENG,DF,West Ham,27,1991,14,31.6,40.1,78.6,731.5,299.1,0.29,0.86,33.3,19.6,22.9,85.7,163,229,71.2,0,0.03,-0.03,0.21,1.36,0,0,3.5,Matches
70,Rachel Furness,nir NIR,MF,Liverpool,31,1988,4,18.8,38.8,48.4,318,143.8,0.5,2,25,14.8,25.5,57.8,14,45,31.1,0.25,0.25,0,1,2.5,0.5,0,4.75,Matches
71,Rachel Furness,nir NIR,"MF,FW",Tottenham,31,1988,9,18.8,31.9,58.9,346,104.9,0.22,1.67,13.3,14.6,21.7,67.2,36,77,46.8,0,0.13,-0.13,1.11,1.78,0.67,0.44,3.11,Matches
72,Jeon Ga-eul,kr KOR,"MF,FW",Bristol City,30,1988,1.3,16.9,20,84.6,191.5,48.5,1.54,2.31,66.7,15.4,16.2,95.2,0,2,0,0,0,0,0,0,0,0,0.77,Matches
73,Jacynta Galabadaarachchi,au AUS,"FW,MF",West Ham,18,2001,5.4,15.7,24.4,64.4,244.6,82,0.19,1.11,16.7,13.5,18.3,73.7,11,27,40.7,0,0.02,-0.02,0.37,2.04,0.19,0,2.04,Matches
74,Leah Galton,eng ENG,FW,Manchester Utd,25,1994,11.5,18.7,29.9,62.5,301.2,83.7,0.52,1.91,27.3,15.3,22,69.6,33,69,47.8,0.26,0.17,0.09,1.22,0.7,0.87,0.61,2.26,Matches
75,Gabrielle George,eng ENG,DF,Everton,22,1997,13,36.9,46.9,78.7,802.5,302.5,0.38,1.15,33.3,25.1,28.1,89.3,149,230,64.8,0,0.01,-0.01,0.15,1.62,0.08,0,2.38,Matches
76,Lee Geum-min,kr KOR,"MF,FW",Manchester City,25,1994,0.5,44,62,71,664,172,0,2,0,42,52,80.8,1,4,25,0,0.2,-0.2,2,0,6,4,8,Matches
77,Felicity Gibbons,eng ENG,DF,Brighton,25,1994,15,29.6,43.9,67.4,512.8,248.8,0.13,1.73,7.7,24.8,31.7,78.2,70,157,44.6,0,0.02,-0.02,0.47,1.07,0.47,0.2,4.67,Matches
78,Hannah Godfrey,sco SCO,DF,Tottenham,22,1997,14,37.6,48.3,78,890.2,348.9,0.29,1.07,26.7,23.4,27.2,85.8,196,280,70,0,0.02,-0.02,0.43,1.36,0.07,0,2.07,Matches
79,Esmee de Graaf,nl NED,"FW,DF",West Ham,21,1997,0.4,20,30,66.7,335,155,2.5,2.5,100,15,25,60,1,1,100,0,0,0,0,2.5,0,0,10,Matches
80,Kit Graham,eng ENG,"FW,MF",Tottenham,23,1995,12,14.1,24.8,56.7,261.9,101.7,0.58,2,29.2,10.2,14.3,70.9,40,102,39.2,0.08,0.06,0.02,1.58,1.25,0.75,0.17,3.83,Matches
81,Lucy Graham,sco SCO,MF,Everton,22,1996,13.7,24.3,36.9,65.8,410.7,113.8,0.44,2.7,16.2,19.6,25.7,76.4,58,117,49.6,0.15,0.12,0.02,0.58,2.55,0.22,0.07,3.21,Matches
82,Abbi Grant,sco SCO,"FW,MF",Birmingham City,23,1995,12,19.8,26.3,75.2,304.5,56.6,0.5,1.08,46.2,16.8,20.8,81.1,29,53,54.7,0,0.03,-0.03,0.92,1.17,0.5,0.08,1.58,Matches
83,Josephine Green,wal WAL,MF,Tottenham,26,1993,12.4,24,32.6,73.5,408.4,104.5,0.89,1.94,45.8,19.2,23.4,82.1,48,90,53.3,0,0.02,-0.02,0.89,1.53,0.24,0,2.18,Matches
84,Kayleigh Green,wal WAL,"FW,MF",Brighton,31,1988,14,19.9,32.6,61,327.1,103.6,0.36,3,11.9,16.3,23.6,68.9,45,83,54.2,0.14,0.13,0.01,1.64,1.64,0.71,0.14,3.43,Matches
85,Freya Gregory,,FW,Birmingham City,,,0.9,7.78,11.1,70,90,28.9,0,0,,7.78,10,77.8,0,1,0,0,0,0,0,0,0,0,1.11,Matches
86,Jackie Groenen,nl NED,MF,Manchester Utd,24,1994,11.4,23.9,34.3,69.6,412.8,126.2,1.23,3.25,37.8,18.4,23.1,79.8,48,91,52.7,0.09,0.2,-0.11,2.11,2.98,1.14,0,3.77,Matches
87,Coral-Jade Haines,eng ENG,MF,Tottenham,23,1996,1.2,21.7,30,72.2,449.2,96.7,1.67,3.33,50,13.3,15.8,84.2,8,13,61.5,0,0,0,0.83,0.83,0,0,2.5,Matches
88,Hannah Hampton,eng ENG,GK,Birmingham City,18,2000,13,33.9,46.8,72.5,905.6,462.5,0.08,0.23,33.3,21.2,21.4,98.9,165,327,50.5,0,0,0,0,0.31,0,0,0.08,Matches
89,Kirsty Hanson,sco SCO,FW,Manchester Utd,21,1998,5.5,13.6,24,56.8,208.4,75.1,0.91,2.18,41.7,10.9,16.2,67.4,10,31,32.3,0.18,0.22,-0.04,1.27,0.73,1.09,0.91,3.09,Matches
90,Natasha Harding,wal WAL,"DF,FW",Reading,30,1989,6.3,26.2,40.5,64.7,499,246.5,0.32,1.59,20,19.8,28.4,69.8,38,66,57.6,0,0.08,-0.08,0.79,1.43,0.79,0.32,7.78,Matches
91,Martha Harris,eng ENG,DF,Manchester Utd,24,1994,9.3,36,50.8,71,609.5,281,0.22,1.18,18.2,31,40.1,77.2,45,88,51.1,0,0.02,-0.02,0.32,2.26,0.32,0.22,9.03,Matches
92,Sophie Harris,eng ENG,GK,Brighton,24,1994,1,30,38,78.9,806,335,0,1,0,16,16,100,14,21,66.7,0,0,0,0,0,0,0,0,Matches
93,Abigail Harrison,sco SCO,FW,Bristol City,21,1997,4,13.3,16.8,79.1,223,27.8,0,0.5,0,10.5,12.3,85.7,11,16,68.8,0,0.07,-0.07,1,0.5,0.75,0.25,1.25,Matches
94,Kerys Harrop,eng ENG,DF,Birmingham City,28,1990,6.2,51.5,60,85.8,1208.1,393.9,0.32,0.81,40,31.5,32.9,95.6,122,163,74.8,0,0,0,0.16,4.35,0,0,4.35,Matches
95,Lauren Hemp,eng ENG,"MF,FW",Manchester City,18,2000,12.6,23.1,32.6,70.8,388.3,88.8,0.4,2.06,19.2,19.4,23.7,81.6,42,86,48.8,0.4,0.19,0.21,1.59,1.19,1.35,0.4,2.86,Matches
96,Brooke Hendrix,us USA,DF,West Ham,26,1993,4.5,18,26.2,68.6,341.3,118.9,0.44,1.11,40,13.6,17.3,78.2,18,35,51.4,0,0.02,-0.02,0.22,0.22,0,0,2,Matches
97,Taylor Hinds,eng ENG,DF,Everton,19,1999,2.4,40,50.8,78.7,630.8,324.6,0.42,2.08,20,35,40.8,85.7,11,19,57.9,0,0,0,0.42,2.08,0.42,0,5.42,Matches
98,Ashley Hodson,eng ENG,FW,Liverpool,24,1995,2.7,12.2,18.9,64.7,177,61.5,0.74,1.48,50,9.63,14.8,65,5,7,71.4,0,0.11,-0.11,1.11,1.11,0.37,0,2.59,Matches
99,Rebecca Holloway,nir NIR,DF,Birmingham City,23,1995,10.8,39,47.6,81.9,843.4,271.1,0.19,1.11,16.7,27.7,30.6,90.3,120,171,70.2,0,0.01,-0.01,0.28,2.31,0,0,2.04,Matches
100,Rakel Hönnudóttir,is ISL,FW,Reading,30,1988,0.5,32,44,72.7,472,130,0,0,,30,40,75,1,2,50,0,0,0,2,4,0,0,6,Matches
101,Steph Houghton,eng ENG,DF,Manchester City,31,1988,16,60.8,72.9,83.3,1513.2,630.9,0.13,0.56,22.2,35.4,39,90.9,403,534,75.5,0.06,0.06,0,0.31,5.63,0.19,0.06,6.31,Matches
102,Sophie Howard,sco SCO,DF,Reading,25,1993,10.1,32.8,43.7,75.1,722.5,263.1,0.3,0.89,33.3,21.7,26,83.3,109,169,64.5,0,0,0,0.1,1.68,0.3,0,2.97,Matches
103,Elise Hughes,wal WAL,"MF,FW",Bristol City,18,2001,1.8,10,22.8,43.9,136.7,25,1.11,2.22,50,7.78,18.3,42.4,2,4,50,0,0,0,0.56,0.56,0,0,0.56,Matches
104,Elise Hughes,wal WAL,FW,Everton,18,2001,1.1,10,18.2,55,180,70,0,3.64,0,8.18,11.8,69.2,2,3,66.7,0,0.09,-0.09,2.73,0.91,0.91,0,1.82,Matches
105,Carla Humphrey,eng ENG,"MF,DF",Bristol City,22,1996,7.7,17.9,27,66.3,365.6,98.7,0.52,2.47,21.1,12.5,15.6,80,38,69,55.1,0.26,0.1,0.16,0.91,1.04,0.52,0.26,2.73,Matches
106,Sophie Ingle,wal WAL,MF,Chelsea,27,1991,14.1,39,49.4,79,759,204.3,0.57,1.28,44.4,29.2,35,83.4,130,184,70.7,0,0.05,-0.05,0.71,4.89,1.13,0.14,4.75,Matches
107,Angharad James,wal WAL,"MF,DF",Reading,25,1994,12.6,26.7,38.3,69.8,470,199.4,0.95,2.7,35.3,20.9,26.7,78.3,62,113,54.9,0.08,0.07,0.01,0.87,3.02,1.19,0,6.11,Matches
108,Lauren James,eng ENG,FW,Manchester Utd,17,2001,8.9,13.9,20.1,69.3,236.5,55.2,0.67,1.35,50,10.7,15.1,70.9,23,33,69.7,0,0.08,-0.08,1.01,1.12,0.56,0,2.47,Matches
109,Rebecca Jane,eng ENG,DF,Liverpool,27,1992,14,41,56.1,73,650,360,0.79,1.93,40.7,35.2,42.5,82.9,70,164,42.7,0,0.03,-0.03,0.57,3,0.07,0,8.14,Matches
110,Adrienne Jordan,us USA,DF,Birmingham City,25,1994,13,36.5,48.3,75.5,609.7,272.2,0.23,1.31,17.6,31.4,38.9,80.6,63,105,60,0,0.02,-0.02,0.62,1.77,0.23,0.08,5.54,Matches
111,Inessa Kaagman,nl NED,"FW,MF",Everton,23,1996,11,20.9,32.5,64.4,351.3,128.1,0.45,1.45,31.3,17.3,22.4,77.2,35,95,36.8,0.27,0.07,0.2,1.36,1.09,0.55,0,3.18,Matches
112,Lisa-Marie Karlseng Utland,no NOR,"FW,MF",Reading,26,1992,3.9,14.9,24.4,61.1,207.4,51.3,0.51,3.08,16.7,12.8,17.7,72.5,6,14,42.9,0,0.05,-0.05,0.77,0.77,0.77,0,1.79,Matches
113,Chloe Kelly,eng ENG,FW,Everton,21,1998,11.8,14,25.3,55.2,244,98.6,0.76,2.2,34.6,10.9,15,72.9,27,96,28.1,0.08,0.14,-0.05,1.53,1.53,0.68,0.34,3.64,Matches
114,Danique Kerkdijk,nl NED,DF,Brighton,23,1996,13,24.6,32.9,74.8,573.2,254,0.38,0.85,45.5,15,17.2,87.1,120,193,62.2,0.08,0.01,0.07,0.15,1.31,0,0,2.23,Matches
115,Sam Kerr,au AUS,"FW,MF",Chelsea,25,1993,3.3,13,20.6,63.2,198.5,58.8,0.3,1.82,16.7,11.8,16.1,73.6,3,9,33.3,0.3,0.36,-0.06,1.52,1.21,1.21,0.3,3.03,Matches
116,Leanne Kiernan,ie IRL,"FW,MF",West Ham,20,1999,5.8,13.6,17.2,79,207.2,44.3,0.34,0.52,66.7,11.7,14.3,81.9,9,14,64.3,0,0,0,0,1.38,0.17,0,1.21,Matches
117,Fran Kirby,eng ENG,"MF,FW",Chelsea,26,1993,2.2,24.5,34.5,71.1,378.2,106.8,0,0.45,0,20.9,30,69.7,8,9,88.9,1.36,0.32,1.05,2.27,1.36,1.36,0.45,3.64,Matches
118,Wiktoria Kiszkis,pl POL,FW,West Ham,16,2003,0,2,2,100,31,0,1,1,100,0,0,,1,1,100,0,0,0,0,0,0,0,0,Matches
119,Frances Kitching,eng ENG,GK,Liverpool,21,1998,4,15.5,30.3,51.2,538,371.3,0,0.25,0,6.25,6.25,100,37,95,38.9,0,0.05,-0.05,0.25,0.25,0,0,0,Matches
120,Tinja-Riikka Korpela,fi FIN,GK,Everton,33,1986,11,37.2,45.8,81.2,808.8,339.2,0.09,0.27,33.3,26.9,27.1,99.3,112,203,55.2,0,0,0,0,0,0,0,0,Matches
121,Cecilie Kvamme,no NOR,DF,West Ham,23,1995,10.8,36,48.7,74,613.7,341.4,0.09,1.2,7.7,31.1,37.8,82.4,52,105,49.5,0.09,0.1,-0.01,1.39,1.39,1.57,1.2,10.2,Matches
122,Hayley Ladd,wal WAL,MF,Manchester Utd,25,1993,13.7,26.6,35.8,74.5,519.9,169.3,0.44,0.66,66.7,19.6,25.3,77.5,91,135,67.4,0,0.04,-0.04,0.36,2.7,0.51,0.07,3.5,Matches
123,Melissa Lawley,eng ENG,"MF,FW",Liverpool,25,1994,13.5,22.1,31.6,70.2,361.9,90.5,0.67,2.44,27.3,18,22,81.8,47,96,49,0,0.09,-0.09,1.56,1.56,0.89,0.44,3.41,Matches
124,Rachael Laws,eng ENG,GK,Reading,28,1990,4.8,31.3,47.7,65.5,806.7,446,0.42,0.42,100,17.9,18.3,97.7,62,139,44.6,0,0,0,0,0.21,0,0,0,Matches
125,Léa Le Garrec,fr FRA,"MF,FW",Brighton,26,1993,13.1,20.8,36.2,57.4,406.5,158.4,0.46,2.29,20,15,20.5,73.2,69,175,39.4,0.15,0.16,-0.01,1.37,2.21,0.92,0.38,5.27,Matches
126,Maya Le Tissier,eng ENG,"DF,MF",Brighton,17,2002,8.7,27.6,39,70.8,618.6,181,0.46,1.03,44.4,16.3,20.7,78.9,94,150,62.7,0,0.06,-0.06,0.23,1.49,0.11,0.11,2.53,Matches
127,Alisha Lehmann,ch SUI,"FW,MF",West Ham,20,1999,10.7,13.4,19.8,67.5,218,69.2,0.28,1.59,17.6,10.9,14.9,73.6,23,36,63.9,0.19,0.13,0.06,0.84,0.93,1.21,0.47,2.06,Matches
128,Kristine Leine,no NOR,DF,Reading,23,1996,11,39.5,52.1,75.7,881.2,341.4,0.36,1.45,25,25.1,29.1,86.3,154,237,65,0.18,0.05,0.14,0.55,3,0.55,0.27,5.82,Matches
129,Adriana Leon,ca CAN,"FW,MF",West Ham,26,1992,7.1,18,24.4,74,279.2,58.9,0.56,1.97,28.6,14.9,17.6,84.8,18,34,52.9,0,0.03,-0.03,0.42,0.85,0.7,0.28,2.39,Matches
130,Lucia Leon,eng ENG,"DF,FW",Tottenham,21,1998,1.6,15.6,31.3,50,265,126.3,0.63,2.5,25,12.5,22.5,55.6,4,10,40,0,0,0,0,1.25,0,0,3.13,Matches
131,Kirsty Linnett,eng ENG,"MF,FW",Liverpool,25,1993,6.9,23.2,32.9,70.5,349.6,84.8,1.3,2.32,56.3,18.6,23,80.5,23,52,44.2,0,0.01,-0.01,0.43,1.88,0.43,0,2.32,Matches
132,Kim Little,sco SCO,MF,Arsenal,29,1990,11.7,54.4,63.2,86.2,920.7,203.2,1.2,1.88,63.6,44.3,49,90.4,105,144,72.9,0.17,0.15,0.03,1.45,4.1,1.62,0.17,5.38,Matches
133,Ruesha Littlejohn,ie IRL,"MF,FW",West Ham,29,1990,0.3,13.3,36.7,36.4,230,16.7,0,0,,10,26.7,37.5,1,3,33.3,0,0,0,0,0,0,0,0,Matches
134,Chloe Logarzo,au AUS,MF,Bristol City,24,1994,1,13,21,61.9,179,98,1,3,33.3,11,14,78.6,1,4,25,0,0,0,0,2,0,0,3,Matches
135,Kate Longhurst,eng ENG,MF,West Ham,30,1989,10.7,23.2,34.5,67.2,466.1,125.5,0.47,1.87,25,17.5,23.4,74.8,56,99,56.6,0.19,0.12,0.07,0.56,2.52,0.84,0.19,3.18,Matches
136,Matilde Lundorf,dk DEN,"DF,MF",Brighton,20,1999,6.6,28,41.7,67.3,431.7,219.1,0.3,2.27,13.3,24.2,30.6,79.2,23,58,39.7,0,0,0,0,0.91,0.45,0.15,5.61,Matches
137,Simone Magill,nir NIR,FW,Everton,24,1994,10,14.8,23.2,63.8,186.5,60.1,1.3,3.1,41.9,12.2,16.4,74.4,13,37,35.1,0.2,0.13,0.07,1.8,1.5,0.7,0,1.9,Matches
138,Leonie Maier,de GER,DF,Arsenal,26,1992,7.6,57.4,73.3,78.3,906.7,306.7,1.05,3.42,30.8,49.7,58.7,84.8,50,85,58.8,0.26,0.14,0.12,0.39,3.03,0.66,0.26,8.03,Matches
139,Aoife Mannion,eng ENG,DF,Manchester City,23,1995,4,56.8,71,79.9,1013,333.5,0.75,1,75,46.5,55,84.5,38,60,63.3,0,0.05,-0.05,0.25,1.75,1,0.25,10.5,Matches
140,Jasmine Matthews,eng ENG,"DF,MF",Bristol City,26,1993,13,27.1,36.2,74.7,612.4,221.6,0.15,1.31,11.8,18,21.8,82.4,116,170,68.2,0.08,0.03,0.05,0.23,1,0.08,0.08,1.38,Matches
141,Rebecca May,,FW,Manchester Utd,,,0.1,0,10,0,0,0,0,0,,0,10,0,0,0,,0,0,0,0,0,0,0,0,Matches
142,Sarah Mayling,eng ENG,"DF,FW",Birmingham City,22,1997,8,40.3,52.8,76.3,645.8,322.6,1.13,3.13,36,34.3,40,85.6,39,77,50.6,0,0.06,-0.06,1.13,2.5,1.38,0.63,8.5,Matches
143,Katie McCabe,ie IRL,DF,Arsenal,23,1995,11.6,66,80.9,81.7,1169.3,409.2,1.12,2.67,41.9,54.8,61.6,89.1,117,193,60.6,0.09,0.06,0.03,0.69,4.22,1.12,0.34,10.6,Matches
144,Abbie McManus,eng ENG,DF,Manchester Utd,26,1993,11,45.9,57.3,80.2,1016.9,380.3,0.27,1,27.3,29,33.1,87.6,183,255,71.8,0,0.03,-0.03,0.55,2.73,0.18,0,4,Matches
145,Beth Mead,eng ENG,FW,Arsenal,24,1995,10.9,34.2,48.3,70.9,549.5,158.8,1.1,2.94,37.5,28.4,34.5,82.4,51,118,43.2,0.28,0.2,0.07,2.11,2.48,1.74,0.28,5.69,Matches
146,Tessel Middag,nl NED,MF,West Ham,26,1992,7.9,28.4,39.5,71.8,531.6,157,0.38,2.03,18.8,22.7,29.4,77.2,42,64,65.6,0,0.01,-0.01,0.13,3.67,0.38,0,3.92,Matches
147,Vivianne Miedema,nl NED,FW,Arsenal,23,1996,13.6,20.9,27.1,77,356.4,87.6,1.03,2.21,46.7,16,20.1,79.9,52,66,78.8,0.59,0.45,0.14,1.99,1.76,1.76,0.29,3.31,Matches
148,Emma Mitchell,sco SCO,"FW,DF",Arsenal,26,1992,0.4,95,105,90.5,1510,500,2.5,7.5,33.3,80,85,94.1,5,5,100,0,0.75,-0.75,5,7.5,7.5,2.5,15,Matches
149,Emma Mitchell,sco SCO,DF,Tottenham,26,1992,3.5,31.4,44.3,71,546.6,227.4,0,1.43,0,26.3,32.3,81.4,18,37,48.6,0,0.06,-0.06,1.14,1.71,0.29,0,4,Matches
150,Maren Mjelde,no NOR,"DF,MF",Chelsea,29,1989,14,47.6,56.4,84.3,821.4,265.9,0.86,2.07,41.4,39,43.7,89.2,108,149,72.5,0.07,0.16,-0.09,1.43,2.21,1.43,0.29,6.71,Matches
151,Grace Moloney,ie IRL,GK,Reading,26,1993,9.2,26.1,37.3,70,651,360.1,0.11,0.33,33.3,17.4,17.5,99.4,79,179,44.1,0,0,0,0,0.11,0,0,0,Matches
152,Jade Moore,eng ENG,MF,Reading,28,1990,13.7,26.4,39.3,67,471.4,185.3,0.73,1.9,38.5,20.7,26.1,79.1,68,155,43.9,0,0.14,-0.14,1.17,2.92,0.58,0.15,4.09,Matches
153,Anna Moorhouse,eng ENG,GK,West Ham,24,1995,4,27,43.8,61.7,821,477.3,0,0.25,0,12.5,12.8,98,58,123,47.2,0,0,0,0.25,0.25,0,0,0.25,Matches
154,Esme Morgan,eng ENG,DF,Everton,18,2000,10.3,30.2,44.8,67.5,508,296.6,0.19,2.23,8.7,25.8,35.1,73.5,43,76,56.6,0,0.01,-0.01,0.19,2.43,0.29,0.1,6.99,Matches
155,Emily Murphy,eng ENG,"MF,FW",Chelsea,16,2003,0.3,16.7,26.7,62.5,233.3,0,0,0,,16.7,23.3,71.4,0,1,0,0,0,0,0,0,0,0,0,Matches
156,Christie Murray,sco SCO,"MF,FW",Liverpool,29,1990,0.9,25.6,50,51.1,551.1,271.1,0,1.11,0,16.7,24.4,68.2,8,22,36.4,1.11,0.33,0.78,4.44,6.67,0,0,8.89,Matches
157,Jamie-Lee Napier,sco SCO,"FW,MF",Chelsea,19,2000,0.2,25,40,62.5,380,115,0,0,,20,35,57.1,1,1,100,0,0,0,5,0,0,0,0,Matches
158,Kate Natkiel,eng ENG,MF,Brighton,26,1992,4.3,14.9,23.5,63.4,236,76.5,0,0.93,0,12.8,17.7,72.4,9,21,42.9,0,0.07,-0.07,0.93,0.47,0.47,0.23,1.4,Matches
159,Ashleigh Neville,eng ENG,DF,Tottenham,26,1993,12.1,32.8,47.3,69.4,581,240.7,0.25,0.99,25,26.9,36.1,74.6,68,123,55.3,0,0.06,-0.06,0.66,0.99,0.33,0.17,6.28,Matches
160,Amanda Nildén,se SWE,"MF,FW",Brighton,20,1998,4.4,14.8,23.6,62.5,229.1,70.5,0.68,1.36,50,11.8,16.4,72.2,10,26,38.5,0.23,0.07,0.16,0.91,1.14,0.45,0.23,1.59,Matches
161,Jordan Nobbs,eng ENG,MF,Arsenal,26,1992,11.6,49.8,59.1,84.4,746.4,141.7,1.72,3.36,51.3,42.3,47.2,89.8,67,99,67.7,0.09,0.19,-0.1,2.07,4.74,1.72,0.09,4.57,Matches
162,Lotta Ökvist,se SWE,DF,Manchester Utd,22,1997,2.1,11,18.1,60.5,171,125.7,0,0.48,0,10.5,13.3,78.6,1,9,11.1,0,0,0,0.48,0.48,0,0,4.76,Matches
163,Mayumi Pacheco,eng ENG,DF,Reading,20,1998,7.6,32.1,45.1,71.1,565.3,227.9,0.13,1.45,9.1,27.1,34.5,78.6,37,70,52.9,0,0,0,0.13,1.58,0.66,0,7.37,Matches
164,Jessica Park,eng ENG,"FW,MF",Manchester City,17,2001,0.2,30,30,100,395,100,0,0,,30,30,100,0,0,,0,0,0,0,0,0,0,5,Matches
165,Poppy Pattinson,eng ENG,DF,Bristol City,19,2000,5.9,23.7,39,60.9,408,208,0.17,1.02,16.7,20.7,29.3,70.5,17,51,33.3,0,0.03,-0.03,0.34,1.53,0.17,0,4.92,Matches
166,Chloe Peplow,eng ENG,MF,Tottenham,20,1998,9.1,33.7,40.7,83,704.2,146.5,1.1,1.65,66.7,23.4,26.2,89.5,84,117,71.8,0,0.03,-0.03,0.77,2.64,0.22,0,3.74,Matches
167,Ria Percival,nz NZL,"MF,DF",Tottenham,29,1989,14,24.9,33.9,73.3,439.8,160.5,0.5,1.43,35,19.8,23.4,84.7,64,128,50,0.07,0.04,0.04,0.64,1.71,0.29,0.14,4.79,Matches
168,Pauline Peyraud Magnin,fr FRA,GK,Arsenal,27,1992,3,41,48.7,84.2,918.7,438.3,1,1,100,27,27,100,39,62,62.9,0,0,0,0,0.33,0,0,0,Matches
169,Molly Pike,eng ENG,MF,Everton,18,2001,6.2,15.6,25.6,61,251.6,91.3,0.81,2.1,38.5,12.4,17.4,71.3,15,38,39.5,0.32,0.13,0.19,1.13,0.97,1.45,0.16,2.74,Matches
170,Jo Potter,eng ENG,DF,Reading,34,1984,7.9,34.4,53.5,64.3,838.4,372.7,0.89,2.15,41.2,18.7,23.9,78.3,117,217,53.9,0,0,0,0.13,3.29,0.13,0,5.32,Matches
171,Anke Preuß,de GER,GK,Liverpool,26,1992,10,18.3,33,55.5,485.5,297.5,0,0.1,0,11.2,11.3,99.1,71,216,32.9,0,0,0,0,0,0,0,0,Matches
172,Jemma Purfield,eng ENG,DF,Liverpool,22,1997,1.3,27.7,44.6,62.1,399.2,273.1,0.77,2.31,33.3,26.2,32.3,81,1,13,7.7,0,0,0,0,0.77,0.77,0,3.85,Matches
173,Louise Quinn,ie IRL,DF,Arsenal,29,1990,2.9,69.7,79.7,87.4,1507.2,400.7,0.69,1.03,66.7,45.9,51,89.9,67,80,83.8,0,0,0,0,3.1,0.34,0,2.76,Matches
174,Lucy Quinn,eng ENG,"MF,FW",Tottenham,,,5.9,17.8,28.8,61.8,356.1,114.2,0.85,3.56,23.8,12.9,16.9,76,24,49,49,0,0.07,-0.07,0.85,1.19,0.85,0.68,3.73,Matches
175,Kirsten Reilly,sco SCO,FW,Bristol City,23,1995,0,0,4,0,0,0,0,1,0,0,3,0,0,0,,0,0,0,0,0,0,0,0,Matches
176,Guro Reiten,no NOR,"MF,FW",Chelsea,25,1994,13.5,24.5,38.3,64,457.2,198,0.59,3.26,18.2,18.3,23.7,77.2,76,153,49.7,0.44,0.4,0.04,2.81,2,2.22,0.74,7.33,Matches
177,Leigh-Anne Robe,eng ENG,DF,Liverpool,25,1993,14,30.3,43,70.4,532.4,295.1,0.5,1.14,43.8,25.1,32.2,78,65,135,48.1,0,0.01,-0.01,0.14,1.86,0.21,0.07,6.57,Matches
178,Rhiannon Roberts,wal WAL,MF,Liverpool,28,1990,9.8,23.8,35,67.9,468.6,148.8,0.31,1.63,18.8,17.4,22.2,78.4,59,109,54.1,0,0.02,-0.02,0.51,2.55,0.2,0,3.16,Matches
179,Katie Robinson,eng ENG,"FW,DF",Bristol City,16,2002,2.9,11.7,17.9,65.4,173.1,61.7,0.34,1.72,20,10.3,13.1,78.9,3,9,33.3,0,0.03,-0.03,0.69,0.69,0.69,0.34,2.41,Matches
180,Amy Rodgers,eng ENG,MF,Liverpool,19,2000,2.6,15.8,20.8,75.9,251.9,60.8,0,0.38,0,13.8,18.1,76.6,5,6,83.3,0,0.04,-0.04,0.77,0.77,0.38,0,1.15,Matches
181,Ellie Roebuck,eng ENG,GK,Manchester City,19,1999,16,34.3,38.8,88.4,791.4,421.9,0.19,0.25,75,23.6,23.7,99.7,167,237,70.5,0,0,0,0.06,0.19,0,0,0,Matches
182,Jill Roord,nl NED,"MF,FW",Arsenal,22,1997,9.4,48.4,53.6,90.3,842,165.2,0.96,1.6,60,38,41.1,92.5,89,103,86.4,0,0.12,-0.12,0.96,3.51,1.38,0,4.89,Matches
183,Emma Rose Kelly,eng ENG,"MF,FW",Birmingham City,22,1997,1.2,23.3,33.3,70,343.3,100.8,1.67,4.17,40,19.2,23.3,82.1,3,7,42.9,0,0.08,-0.08,0.83,2.5,1.67,0.83,3.33,Matches
184,Jane Ross,sco SCO,FW,Manchester Utd,29,1989,6.3,16,24.4,65.6,217,40.2,1.11,2.22,50,13.2,18.3,72.2,11,25,44,0.16,0.05,0.11,0.95,0.63,0.63,0.32,1.43,Matches
185,Rachel Rowe,wal WAL,DF,Reading,26,1992,10.5,28.5,45.6,62.4,494.2,253.4,0.19,2.67,7.1,24.4,33.3,73.1,41,101,40.6,0,0.04,-0.04,0.57,2.57,0.29,0.1,8.19,Matches
186,Ebony Salmon,eng ENG,"FW,MF",Bristol City,18,2001,8.3,8.19,14.6,56.2,147.7,43,0.24,1.2,20,6.63,10,66.3,11,28,39.3,0.12,0.11,0.01,0.6,0.12,0.6,0.36,1.33,Matches
187,Meaghan Sargeant,eng ENG,DF,Bristol City,25,1994,11.7,23.2,32.1,72.3,522.3,194.7,0.09,0.68,12.5,15.6,19.1,81.7,88,144,61.1,0,0.01,-0.01,0.26,1.03,0,0,2.82,Matches
188,Jenna Schillaci,eng ENG,DF,Tottenham,35,1984,3,41.3,50,82.7,1061.3,343.7,0.33,0.67,50,20.7,23.3,88.6,61,78,78.2,0,0.03,-0.03,0.33,0.67,0,0,1,Matches
189,Viktoria Schnaderbeck,at AUT,DF,Arsenal,28,1991,9.7,70.6,78.4,90.1,1460.9,434.4,0.31,1.13,27.3,50.7,54.8,92.5,190,217,87.6,0,0,0,0,4.02,0.1,0.1,5.88,Matches
190,Connie Scofield,eng ENG,"MF,FW",Birmingham City,20,1999,4,26.5,33.8,78.5,401.5,71.8,1.25,2.25,55.6,21.8,26.5,82.1,14,20,70,0,0,0,0,1.25,0.25,0,2,Matches
191,Harriet Scott,ie IRL,DF,Birmingham City,26,1993,8.8,34.4,44.8,76.9,705.3,251.2,0.23,1.25,18.2,24.1,27,89.1,89,145,61.4,0,0.02,-0.02,0.23,1.36,0.23,0.23,3.07,Matches
192,Jill Scott,eng ENG,MF,Manchester City,32,1987,14.3,32.7,41.4,78.9,524.7,122.2,0.91,1.96,46.4,27.6,32.7,84.2,60,96,62.5,0.21,0.2,0.01,1.68,1.89,1.4,0.49,4.13,Matches
193,Jessica Sigsworth,eng ENG,"FW,MF",Manchester Utd,24,1994,8,11.5,20,57.5,182.9,51.5,0.38,2.25,16.7,10.1,15.1,66.9,8,21,38.1,0.38,0.31,0.06,1.5,0.63,0.88,0.25,1.75,Matches
194,Julia Simic,de GER,MF,West Ham,30,1989,2.3,33.5,43.5,77,585.7,210.4,0,0.43,0,27,33.9,79.5,15,21,71.4,0.87,0.09,0.78,1.3,6.52,0,0,6.96,Matches
195,Lily Simkin,,DF,Birmingham City,,,4.6,27.4,43.9,62.4,450.9,248.3,0.65,2.83,23.1,23,31.3,73.6,17,45,37.8,0,0.02,-0.02,0.65,1.74,0.43,0.22,8.7,Matches
196,Erin Simon,us USA,DF,West Ham,24,1994,1.5,33.3,41.3,80.6,592.7,333.3,0.67,0.67,100,26.7,30,88.9,9,16,56.3,0.67,0.07,0.6,0.67,1.33,0.67,0.67,8,Matches
197,Emily Simpkins,eng ENG,MF,Brighton,29,1990,6.7,16.9,23.6,71.5,281.6,84.6,0.45,1.79,25,14.2,17.2,82.6,15,31,48.4,0.15,0.01,0.13,0.3,1.64,0,0,1.64,Matches
198,Kirsty Smith,sco SCO,DF,Manchester Utd,25,1994,7,37.3,53.7,69.4,619.6,287.7,1,2.43,41.2,30.4,40.3,75.5,41,77,53.2,0,0.03,-0.03,0.71,2.71,0.71,0.43,7,Matches
199,Cho So-hyun,kr KOR,MF,West Ham,31,1988,6.1,26.4,34.6,76.3,436.6,155.6,0.33,1.15,28.6,22,27.5,79.8,25,36,69.4,0,0.03,-0.03,0.66,3.11,0.66,0.33,3.77,Matches
200,Ji So-yun,kr KOR,MF,Chelsea,28,1991,11.2,55.9,63.4,88.2,999.8,225.1,0.8,2.32,34.6,44.4,47.8,92.9,120,149,80.5,0.18,0.24,-0.06,1.88,5.27,1.96,0.54,6.7,Matches
201,Drew Spence,eng ENG,"MF,FW",Chelsea,26,1992,7,32.9,41.1,79.9,583.7,145.4,1.29,2.29,56.3,25.1,29.6,85,45,65,69.2,0.29,0.19,0.1,1.29,2.86,0.71,0,4,Matches
202,Rebecca Spencer,eng ENG,GK,Tottenham,28,1991,13.4,33.7,43.4,77.7,943.1,427.8,0,0.07,0,17.6,17.7,99.6,216,344,62.8,0,0,0,0,0.07,0,0,0,Matches
203,Lucy Staniforth,eng ENG,MF,Birmingham City,26,1992,10,39.9,54.8,72.8,812.5,280.8,0.6,2.1,28.6,28.9,33.6,86,104,191,54.5,0.3,0.15,0.15,2.4,4.2,1.3,0,6.7,Matches
204,Georgia Stanway,eng ENG,"FW,MF",Manchester City,20,1999,9.2,29.8,37.8,78.7,539.6,150.9,0.98,2.17,45,23.2,27,85.9,52,80,65,0.22,0.15,0.07,1.3,2.07,1.52,0.43,5.43,Matches
205,Demi Stokes,eng ENG,DF,Manchester City,27,1991,12.6,51.7,60.5,85.6,799.9,294,1.11,2.3,48.3,45.1,49.7,90.7,70,107,65.4,0,0.04,-0.04,0.71,2.46,0.87,0.32,5,Matches
206,Abbey-Leigh Stringer,eng ENG,MF,Everton,24,1995,5.6,28.9,39.6,73,539.5,114.3,0.54,2.86,18.8,22.3,26.3,85,34,59,57.6,0,0,0,0,2.14,0,0,1.96,Matches
207,Courtney Sweetman-Kirk,eng ENG,FW,Liverpool,28,1990,6.7,15.1,18.8,80.2,208.1,28.5,1.34,2.24,60,12.4,14.8,83.8,9,12,75,0,0.07,-0.07,0.75,0.45,0.15,0,0.9,Matches
208,Carly Telford,eng ENG,GK,Chelsea,32,1987,2,37,44.5,83.1,943,476.5,0,0,,20.5,20.5,100,33,48,68.8,0,0,0,0,0,0,0,0,Matches
209,Martha Thomas,us USA,FW,West Ham,23,1996,9.9,13.4,23.7,56.6,205.3,48.3,0.61,2.73,22.2,11.3,17.4,65.1,15,36,41.7,0.1,0.16,-0.06,1.01,0.91,0.4,0.2,1.72,Matches
210,Maria Thorisdottir,no NOR,MF,Chelsea,26,1993,0.8,38.8,55,70.5,588.8,172.5,3.75,6.25,60,31.3,43.8,71.4,3,4,75,0,0,0,0,3.75,1.25,1.25,3.75,Matches
211,Tyler Toland,ie IRL,MF,Manchester City,17,2001,0.2,20,25,80,530,225,0,0,,15,15,100,1,2,50,0,0,0,5,5,0,0,0,Matches
212,Ella Toone,eng ENG,"MF,FW",Manchester Utd,19,1999,5.8,25.9,33.1,78.1,451.4,127.9,0,1.38,0,21,24.7,85.3,28,41,68.3,0.34,0.09,0.26,1.03,2.24,1.21,0,4.14,Matches
213,Amy Turner,eng ENG,DF,Manchester Utd,28,1991,11.9,32.6,44,74,638.9,323.3,0.34,1.51,22.2,24.8,29.1,85.3,89,160,55.6,0,0.05,-0.05,0.67,2.52,1.01,0.34,7.06,Matches
214,Danielle Turner,eng ENG,DF,Everton,28,1991,14,39.5,57.8,68.4,649.6,348.8,0.57,2.29,25,34.4,43.4,79.2,64,170,37.6,0.07,0.06,0.01,0.5,1.71,0.57,0.14,8.79,Matches
215,Millie Turner,eng ENG,DF,Manchester Utd,23,1996,13.9,42.2,48.3,87.3,945.8,288.6,0.07,0.79,9.1,27.4,30.1,90.9,204,241,84.6,0,0.01,-0.01,0.14,1.58,0.22,0,2.23,Matches
216,Iniabasi Umotong,ng NGA,"FW,MF",Brighton,25,1994,7,12.7,19.3,65.9,206.6,40,0.14,1,14.3,10.7,15,71.4,13,23,56.5,0,0.1,-0.1,1.29,0.43,0.29,0.29,0.86,Matches
217,Laura Vetterlein,de GER,DF,West Ham,27,1992,12.7,34.6,46.2,74.8,729.1,283,0.31,1.26,25,24.7,29.1,85.1,121,202,59.9,0,0.02,-0.02,0.16,1.89,0.08,0,3.23,Matches
218,Brianna Visalli,us USA,"MF,FW",Birmingham City,24,1995,6.9,21,29.3,71.8,349.7,94.2,0.29,1.01,28.6,18.1,23.2,78.1,18,35,51.4,0,0.03,-0.03,0.43,2.03,0.58,0.14,2.46,Matches
219,Claudia Walker,eng ENG,FW,Birmingham City,23,1996,10,14.3,22.6,63.3,206.8,66.8,1,3.2,31.3,12.1,16.2,74.7,12,32,37.5,0,0.01,-0.01,0.4,1.3,0.7,0.3,2.3,Matches
220,Filippa Wallén,,"FW,DF",West Ham,0,2020,0.6,18.3,50,36.7,308.3,248.3,1.67,3.33,50,15,33.3,45,1,8,12.5,0,0,0,1.67,3.33,0,0,8.33,Matches
221,Keira Walsh,eng ENG,MF,Manchester City,22,1997,14,55.4,64.2,86.2,1059.3,310.9,0.57,1.43,40,42.8,46.1,92.7,168,233,72.1,0.29,0.24,0.05,1.14,8.21,1.43,0.07,8,Matches
222,Megan Walsh,eng ENG,GK,Brighton,,,15,25.7,37.8,67.9,749.3,381.1,0,0.07,0,13,13.5,96.1,190,363,52.3,0,0,0,0,0.13,0,0,0.07,Matches
223,Lia Wälti,ch SUI,MF,Arsenal,26,1993,8.8,54.9,63.9,85.9,1010.7,279.1,0.57,1.14,50,43.8,48.5,90.2,93,125,74.4,0.11,0.01,0.1,0.23,5.11,0.45,0,5.8,Matches
224,Caroline Weir,sco SCO,MF,Manchester City,24,1995,16,57.1,69.4,82.3,1069.2,296.1,0.88,1.81,48.3,44.4,47.8,92.8,190,316,60.1,0.25,0.27,-0.02,2.19,4.63,1.06,0.13,7.69,Matches
225,Charlie Wellings,eng ENG,"FW,MF",Bristol City,21,1998,12.9,12.3,19.3,63.9,201.8,62.8,0.54,2.25,24.1,9.84,13.6,72.6,25,45,55.6,0,0.04,-0.04,0.39,1.01,0.23,0,1.63,Matches
226,Aileen Whelan,eng ENG,"MF,FW",Brighton,27,1991,15.8,16.2,25.1,64.5,265.8,103.8,0.44,1.9,23.3,13.7,18.7,73,33,71,46.5,0.06,0.04,0.03,0.63,1.39,0.38,0.19,2.85,Matches
227,Fern Whelan,eng ENG,DF,Brighton,30,1988,2.9,29,32.4,89.4,543.4,238.3,0,0.34,0,23.1,24.5,94.4,17,22,77.3,0,0,0,0.34,2.07,0,0,3.45,Matches
228,Lucy Whipp,eng ENG,MF,Birmingham City,23,1995,10.5,24.2,29.5,81.9,388.3,65.3,0.95,2.1,45.5,20,22.6,88.6,34,51,66.7,0,0.04,-0.04,0.67,1.33,0.1,0.1,0.95,Matches
229,Ellen White,eng ENG,FW,Manchester City,30,1989,9.6,12,17.3,69.3,160.5,37.2,0.42,1.25,33.3,10.4,14.1,74.1,11,19,57.9,0.31,0.21,0.1,1.25,1.04,0.31,0.21,0.83,Matches
230,Fara Williams,eng ENG,"MF,FW",Reading,35,1984,13.5,25.2,42.9,58.7,489.3,180.1,0.96,2.67,36.1,16.8,23.6,71.4,100,225,44.4,0.44,0.35,0.1,2.44,2.22,1.78,0.3,6.37,Matches
231,Rachel Williams,eng ENG,FW,Birmingham City,31,1988,9,18.8,25.9,72.5,318.3,81.1,0.56,1.67,33.3,15.2,19.6,77.8,27,42,64.3,0,0.04,-0.04,0.89,1.11,0.56,0,2.78,Matches
232,Victoria Williams,eng ENG,DF,Brighton,29,1990,11.1,25.5,37.7,67.5,566.7,237.9,0.09,0.72,12.5,17.2,21.5,79.9,91,172,52.9,0,0,0,0.09,1.62,0.18,0,2.61,Matches
233,Leah Williamson,eng ENG,"DF,MF",Arsenal,22,1997,14.4,74.2,85,87.3,1710.8,601,0.21,0.56,37.5,48.8,52.9,92.3,363,454,80,0.14,0.06,0.08,0.69,6.46,0.56,0,7.92,Matches
234,Georgia Wilson,,MF,Bristol City,,,4.4,9.55,15,63.6,143.6,33.6,0,1.14,0,8.41,11.1,75.5,5,12,41.7,0,0,0,0.45,1.14,0,0,0.45,Matches
235,Siri Worm,nl NED,DF,Tottenham,27,1992,8.2,41,56.8,72.1,812,371,0.61,1.71,35.7,31.3,37.9,82.6,74,141,52.5,0,0.01,-0.01,0.49,1.83,0.37,0.24,7.44,Matches
236,Tessa Wullaert,be BEL,"FW,MF",Manchester City,26,1993,9.7,30.5,41.6,73.3,510.7,172.9,0.62,2.06,30,25.2,31,81.1,46,83,55.4,0,0.32,-0.32,2.78,2.47,2.47,0.52,6.39,Matches
237,Megan Wynne,wal WAL,"DF,MF",Tottenham,26,1993,0.1,50,90,55.6,600,330,0,0,,50,70,71.4,0,2,0,0,0,0,0,30,0,0,10,Matches
238,Megan Wynne,wal WAL,"FW,MF",Bristol City,26,1993,1.3,8.46,20,42.3,143.8,43.8,0,3.08,0,8.46,13.8,61.1,0,4,0,0,0,0,0,0,0.77,0.77,1.54,Matches
239,Katie Zelem,eng ENG,MF,Manchester Utd,23,1996,12.8,38.4,54.5,70.5,800.1,283.7,0.55,1.95,28,27.3,33.1,82.5,135,249,54.2,0.16,0.13,0.03,1.72,4.38,1.56,0.23,9.38,Matches
240,Manuela Zinsberger,at AUT,GK,Arsenal,23,1995,12,37,45.3,81.6,881.8,477.4,0.83,0.92,90.9,22.7,22.8,99.6,162,260,62.3,0,0,0,0,0,0,0,0,Matches
,,,,,,,,,,,,,,,,,,,,,,,,,,,,,,